Date,Tweet
2024-01-01,Bitcoin is going to the moon!
2024-01-01,Bitcoin adoption increasing.
2024-01-01,HODLing strong!
2024-01-02,Bitcoin adoption increasing.
2024-01-02,Not sure about BTC's future.
2024-01-02,Bitcoin adoption increasing.
2024-01-03,Market looks shaky today.
2024-01-03,Not sure about BTC's future.
2024-01-03,Bear market ahead?
2024-01-04,Bullish on BTC.
2024-01-04,Bullish on BTC.
2024-01-04,BTC might crash soon.
2024-01-05,Bitcoin adoption increasing.
2024-01-05,Bullish on BTC.
2024-01-05,BTC might crash soon.
2024-01-06,Bitcoin price seems stable.
2024-01-06,Bitcoin adoption increasing.
2024-01-06,HODLing strong!
2024-01-07,HODLing strong!
2024-01-07,HODLing strong!
2024-01-07,Bitcoin adoption increasing.
2024-01-08,Not sure about BTC's future.
2024-01-08,BTC might crash soon.
2024-01-08,Bitcoin is going to the moon!
2024-01-09,Bitcoin price seems stable.
2024-01-09,Market looks shaky today.
2024-01-09,Bitcoin price seems stable.
2024-01-10,Market looks shaky today.
2024-01-10,Market looks shaky today.
2024-01-10,Bitcoin is going to the moon!
2024-01-11,Bitcoin price seems stable.
2024-01-11,Bitcoin adoption increasing.
2024-01-11,HODLing strong!
2024-01-12,Just bought more Bitcoin.
2024-01-12,Bitcoin price seems stable.
2024-01-12,Bitcoin price seems stable.
2024-01-13,HODLing strong!
2024-01-13,Bitcoin is going to the moon!
2024-01-13,Market looks shaky today.
2024-01-14,Market looks shaky today.
2024-01-14,Bitcoin price seems stable.
2024-01-14,Bear market ahead?
2024-01-15,Bullish on BTC.
2024-01-15,Not sure about BTC's future.
2024-01-15,Bitcoin price seems stable.
2024-01-16,Bitcoin price seems stable.
2024-01-16,Just bought more Bitcoin.
2024-01-16,Bear market ahead?
2024-01-17,Market looks shaky today.
2024-01-17,BTC might crash soon.
2024-01-17,BTC might crash soon.
2024-01-18,Bear market ahead?
2024-01-18,BTC might crash soon.
2024-01-18,HODLing strong!
2024-01-19,Market looks shaky today.
2024-01-19,Bitcoin price seems stable.
2024-01-19,Market looks shaky today.
2024-01-20,Market looks shaky today.
2024-01-20,Bear market ahead?
2024-01-20,Market looks shaky today.
2024-01-21,HODLing strong!
2024-01-21,Bitcoin adoption increasing.
2024-01-21,Bitcoin price seems stable.
2024-01-22,Not sure about BTC's future.
2024-01-22,HODLing strong!
2024-01-22,Bitcoin price seems stable.
2024-01-23,Bitcoin adoption increasing.
2024-01-23,Bitcoin adoption increasing.
2024-01-23,Bitcoin is going to the moon!
2024-01-24,Not sure about BTC's future.
2024-01-24,Bitcoin is going to the moon!
2024-01-24,Market looks shaky today.
2024-01-25,Bullish on BTC.
2024-01-25,Bitcoin price seems stable.
2024-01-25,Just bought more Bitcoin.
2024-01-26,Bitcoin adoption increasing.
2024-01-26,BTC might crash soon.
2024-01-26,HODLing strong!
2024-01-27,Bitcoin is going to the moon!
2024-01-27,Bitcoin price seems stable.
2024-01-27,HODLing strong!
2024-01-28,BTC might crash soon.
2024-01-28,Market looks shaky today.
2024-01-28,Bitcoin is going to the moon!
2024-01-29,Bear market ahead?
2024-01-29,Market looks shaky today.
2024-01-29,Bitcoin price seems stable.
2024-01-30,Not sure about BTC's future.
2024-01-30,Bitcoin adoption increasing.
2024-01-30,BTC might crash soon.
2024-01-31,Market looks shaky today.
2024-01-31,Bitcoin is going to the moon!
2024-01-31,Just bought more Bitcoin.
2024-02-01,Not sure about BTC's future.
2024-02-01,Bear market ahead?
2024-02-01,Market looks shaky today.
2024-02-02,Bitcoin price seems stable.
2024-02-02,Bitcoin adoption increasing.
2024-02-02,Bear market ahead?
2024-02-03,Bitcoin price seems stable.
2024-02-03,Bullish on BTC.
2024-02-03,BTC might crash soon.
2024-02-04,Bitcoin adoption increasing.
2024-02-04,Market looks shaky today.
2024-02-04,HODLing strong!
2024-02-05,HODLing strong!
2024-02-05,Bitcoin is going to the moon!
2024-02-05,Not sure about BTC's future.
2024-02-06,Bitcoin price seems stable.
2024-02-06,Not sure about BTC's future.
2024-02-06,Bullish on BTC.
2024-02-07,Market looks shaky today.
2024-02-07,Not sure about BTC's future.
2024-02-07,Bitcoin adoption increasing.
2024-02-08,Bullish on BTC.
2024-02-08,Bitcoin price seems stable.
2024-02-08,Just bought more Bitcoin.
2024-02-09,Just bought more Bitcoin.
2024-02-09,Bitcoin is going to the moon!
2024-02-09,Bullish on BTC.
2024-02-10,Bitcoin is going to the moon!
2024-02-10,Bear market ahead?
2024-02-10,BTC might crash soon.
2024-02-11,Bitcoin is going to the moon!
2024-02-11,BTC might crash soon.
2024-02-11,HODLing strong!
2024-02-12,Not sure about BTC's future.
2024-02-12,Not sure about BTC's future.
2024-02-12,Market looks shaky today.
2024-02-13,Bitcoin price seems stable.
2024-02-13,Bullish on BTC.
2024-02-13,Bitcoin adoption increasing.
2024-02-14,Bitcoin adoption increasing.
2024-02-14,HODLing strong!
2024-02-14,Bitcoin is going to the moon!
2024-02-15,Market looks shaky today.
2024-02-15,Bitcoin adoption increasing.
2024-02-15,BTC might crash soon.
2024-02-16,Bullish on BTC.
2024-02-16,Bullish on BTC.
2024-02-16,Not sure about BTC's future.
2024-02-17,Bear market ahead?
2024-02-17,Bullish on BTC.
2024-02-17,Bullish on BTC.
2024-02-18,HODLing strong!
2024-02-18,Bitcoin adoption increasing.
2024-02-18,Bitcoin adoption increasing.
2024-02-19,HODLing strong!
2024-02-19,Not sure about BTC's future.
2024-02-19,BTC might crash soon.
2024-02-20,Market looks shaky today.
2024-02-20,HODLing strong!
2024-02-20,Bitcoin adoption increasing.
2024-02-21,Bitcoin price seems stable.
2024-02-21,Not sure about BTC's future.
2024-02-21,Not sure about BTC's future.
2024-02-22,Bitcoin is going to the moon!
2024-02-22,Just bought more Bitcoin.
2024-02-22,Bitcoin price seems stable.
2024-02-23,BTC might crash soon.
2024-02-23,Not sure about BTC's future.
2024-02-23,Bitcoin is going to the moon!
2024-02-24,HODLing strong!
2024-02-24,Bear market ahead?
2024-02-24,Just bought more Bitcoin.
2024-02-25,Market looks shaky today.
2024-02-25,Not sure about BTC's future.
2024-02-25,Bullish on BTC.
2024-02-26,Bitcoin price seems stable.
2024-02-26,HODLing strong!
2024-02-26,Bitcoin is going to the moon!
2024-02-27,Bitcoin is going to the moon!
2024-02-27,Just bought more Bitcoin.
2024-02-27,BTC might crash soon.
2024-02-28,HODLing strong!
2024-02-28,Not sure about BTC's future.
2024-02-28,Bitcoin adoption increasing.
2024-02-29,Bitcoin adoption increasing.
2024-02-29,Market looks shaky today.
2024-02-29,Not sure about BTC's future.
2024-03-01,Market looks shaky today.
2024-03-01,Market looks shaky today.
2024-03-01,Bear market ahead?
2024-03-02,Not sure about BTC's future.
2024-03-02,Bullish on BTC.
2024-03-02,BTC might crash soon.
2024-03-03,Market looks shaky today.
2024-03-03,Bitcoin price seems stable.
2024-03-03,Bitcoin is going to the moon!
2024-03-04,Bullish on BTC.
2024-03-04,Bitcoin is going to the moon!
2024-03-04,Market looks shaky today.
2024-03-05,Market looks shaky today.
2024-03-05,Market looks shaky today.
2024-03-05,Bitcoin adoption increasing.
2024-03-06,Bitcoin price seems stable.
2024-03-06,Bitcoin adoption increasing.
2024-03-06,Bitcoin price seems stable.
2024-03-07,Bear market ahead?
2024-03-07,Just bought more Bitcoin.
2024-03-07,Not sure about BTC's future.
2024-03-08,Just bought more Bitcoin.
2024-03-08,Bitcoin adoption increasing.
2024-03-08,Bitcoin adoption increasing.
2024-03-09,Not sure about BTC's future.
2024-03-09,Bitcoin price seems stable.
2024-03-09,Bear market ahead?
2024-03-10,Bitcoin adoption increasing.
2024-03-10,Market looks shaky today.
2024-03-10,Bitcoin price seems stable.
2024-03-11,Bitcoin is going to the moon!
2024-03-11,Just bought more Bitcoin.
2024-03-11,Bullish on BTC.
2024-03-12,Bitcoin is going to the moon!
2024-03-12,Bullish on BTC.
2024-03-12,HODLing strong!
2024-03-13,Bullish on BTC.
2024-03-13,Bitcoin price seems stable.
2024-03-13,HODLing strong!
2024-03-14,Bear market ahead?
2024-03-14,Bitcoin adoption increasing.
2024-03-14,Market looks shaky today.
2024-03-15,Market looks shaky today.
2024-03-15,Bitcoin is going to the moon!
2024-03-15,Bitcoin is going to the moon!
2024-03-16,Just bought more Bitcoin.
2024-03-16,Bitcoin is going to the moon!
2024-03-16,Market looks shaky today.
2024-03-17,Bitcoin adoption increasing.
2024-03-17,Bullish on BTC.
2024-03-17,Not sure about BTC's future.
2024-03-18,Bitcoin is going to the moon!
2024-03-18,Bitcoin price seems stable.
2024-03-18,Bullish on BTC.
2024-03-19,Just bought more Bitcoin.
2024-03-19,Bitcoin is going to the moon!
2024-03-19,Market looks shaky today.
2024-03-20,Not sure about BTC's future.
2024-03-20,Bitcoin is going to the moon!
2024-03-20,BTC might crash soon.
2024-03-21,Bitcoin adoption increasing.
2024-03-21,Bullish on BTC.
2024-03-21,BTC might crash soon.
2024-03-22,Bullish on BTC.
2024-03-22,Bullish on BTC.
2024-03-22,Bear market ahead?
2024-03-23,Bullish on BTC.
2024-03-23,Bear market ahead?
2024-03-23,Market looks shaky today.
2024-03-24,Bear market ahead?
2024-03-24,Market looks shaky today.
2024-03-24,Bear market ahead?
2024-03-25,Bitcoin price seems stable.
2024-03-25,Just bought more Bitcoin.
2024-03-25,Bitcoin adoption increasing.
2024-03-26,Not sure about BTC's future.
2024-03-26,Bitcoin is going to the moon!
2024-03-26,Just bought more Bitcoin.
2024-03-27,Bitcoin price seems stable.
2024-03-27,Market looks shaky today.
2024-03-27,Bitcoin price seems stable.
2024-03-28,Bear market ahead?
2024-03-28,Just bought more Bitcoin.
2024-03-28,Bitcoin is going to the moon!
2024-03-29,BTC might crash soon.
2024-03-29,Market looks shaky today.
2024-03-29,Bullish on BTC.
2024-03-30,BTC might crash soon.
2024-03-30,HODLing strong!
2024-03-30,Bear market ahead?
2024-03-31,Bear market ahead?
2024-03-31,Just bought more Bitcoin.
2024-03-31,Bullish on BTC.
2024-04-01,Bitcoin adoption increasing.
2024-04-01,Bitcoin adoption increasing.
2024-04-01,Bitcoin is going to the moon!
2024-04-02,Market looks shaky today.
2024-04-02,Bitcoin is going to the moon!
2024-04-02,Bullish on BTC.
2024-04-03,Bullish on BTC.
2024-04-03,Not sure about BTC's future.
2024-04-03,Bullish on BTC.
2024-04-04,Market looks shaky today.
2024-04-04,Not sure about BTC's future.
2024-04-04,Market looks shaky today.
2024-04-05,Bitcoin adoption increasing.
2024-04-05,Just bought more Bitcoin.
2024-04-05,Market looks shaky today.
2024-04-06,Just bought more Bitcoin.
2024-04-06,HODLing strong!
2024-04-06,Bullish on BTC.
2024-04-07,Not sure about BTC's future.
2024-04-07,Just bought more Bitcoin.
2024-04-07,Just bought more Bitcoin.
2024-04-08,Bullish on BTC.
2024-04-08,Bullish on BTC.
2024-04-08,Bitcoin adoption increasing.
2024-04-09,Not sure about BTC's future.
2024-04-09,Not sure about BTC's future.
2024-04-09,Bullish on BTC.
2024-04-10,HODLing strong!
2024-04-10,BTC might crash soon.
2024-04-10,Not sure about BTC's future.
2024-04-11,Not sure about BTC's future.
2024-04-11,Bitcoin adoption increasing.
2024-04-11,Bitcoin price seems stable.
2024-04-12,Bitcoin price seems stable.
2024-04-12,Bitcoin price seems stable.
2024-04-12,Bitcoin adoption increasing.
2024-04-13,Bullish on BTC.
2024-04-13,Bullish on BTC.
2024-04-13,Bear market ahead?
2024-04-14,Not sure about BTC's future.
2024-04-14,Bullish on BTC.
2024-04-14,Bullish on BTC.
2024-04-15,Bullish on BTC.
2024-04-15,Bitcoin adoption increasing.
2024-04-15,Market looks shaky today.
2024-04-16,Bitcoin price seems stable.
2024-04-16,BTC might crash soon.
2024-04-16,Just bought more Bitcoin.
2024-04-17,HODLing strong!
2024-04-17,Market looks shaky today.
2024-04-17,Market looks shaky today.
2024-04-18,Bitcoin is going to the moon!
2024-04-18,BTC might crash soon.
2024-04-18,Bitcoin price seems stable.
2024-04-19,BTC might crash soon.
2024-04-19,Bear market ahead?
2024-04-19,Bear market ahead?
2024-04-20,HODLing strong!
2024-04-20,Bitcoin is going to the moon!
2024-04-20,Not sure about BTC's future.
2024-04-21,Bear market ahead?
2024-04-21,Bear market ahead?
2024-04-21,Bear market ahead?
2024-04-22,Just bought more Bitcoin.
2024-04-22,Market looks shaky today.
2024-04-22,Bitcoin price seems stable.
2024-04-23,HODLing strong!
2024-04-23,Bitcoin price seems stable.
2024-04-23,BTC might crash soon.
2024-04-24,Not sure about BTC's future.
2024-04-24,Bitcoin adoption increasing.
2024-04-24,Bitcoin is going to the moon!
2024-04-25,Bitcoin adoption increasing.
2024-04-25,Bear market ahead?
2024-04-25,BTC might crash soon.
2024-04-26,Not sure about BTC's future.
2024-04-26,Not sure about BTC's future.
2024-04-26,Bitcoin price seems stable.
2024-04-27,Just bought more Bitcoin.
2024-04-27,Bitcoin price seems stable.
2024-04-27,Bear market ahead?
2024-04-28,Just bought more Bitcoin.
2024-04-28,Not sure about BTC's future.
2024-04-28,HODLing strong!
2024-04-29,Bear market ahead?
2024-04-29,Not sure about BTC's future.
2024-04-29,Market looks shaky today.
2024-04-30,Bear market ahead?
2024-04-30,Not sure about BTC's future.
2024-04-30,Bullish on BTC.
2024-05-01,Bullish on BTC.
2024-05-01,Bitcoin adoption increasing.
2024-05-01,Bitcoin adoption increasing.
2024-05-02,Bullish on BTC.
2024-05-02,Bitcoin adoption increasing.
2024-05-02,Bitcoin price seems stable.
2024-05-03,Just bought more Bitcoin.
2024-05-03,Bitcoin adoption increasing.
2024-05-03,Market looks shaky today.
2024-05-04,Market looks shaky today.
2024-05-04,Bear market ahead?
2024-05-04,Bullish on BTC.
2024-05-05,Bullish on BTC.
2024-05-05,Just bought more Bitcoin.
2024-05-05,HODLing strong!
2024-05-06,Bitcoin price seems stable.
2024-05-06,Bitcoin adoption increasing.
2024-05-06,Not sure about BTC's future.
2024-05-07,Market looks shaky today.
2024-05-07,Just bought more Bitcoin.
2024-05-07,Bitcoin is going to the moon!
2024-05-08,Market looks shaky today.
2024-05-08,HODLing strong!
2024-05-08,Bear market ahead?
2024-05-09,Bitcoin price seems stable.
2024-05-09,Market looks shaky today.
2024-05-09,BTC might crash soon.
2024-05-10,HODLing strong!
2024-05-10,Market looks shaky today.
2024-05-10,Bitcoin price seems stable.
2024-05-11,HODLing strong!
2024-05-11,Not sure about BTC's future.
2024-05-11,BTC might crash soon.
2024-05-12,Not sure about BTC's future.
2024-05-12,Just bought more Bitcoin.
2024-05-12,Bitcoin adoption increasing.
2024-05-13,Not sure about BTC's future.
2024-05-13,HODLing strong!
2024-05-13,Bullish on BTC.
2024-05-14,Market looks shaky today.
2024-05-14,Not sure about BTC's future.
2024-05-14,Bitcoin adoption increasing.
2024-05-15,Bullish on BTC.
2024-05-15,Bitcoin is going to the moon!
2024-05-15,HODLing strong!
2024-05-16,Just bought more Bitcoin.
2024-05-16,BTC might crash soon.
2024-05-16,HODLing strong!
2024-05-17,Not sure about BTC's future.
2024-05-17,Bitcoin is going to the moon!
2024-05-17,Bitcoin price seems stable.
2024-05-18,Bitcoin is going to the moon!
2024-05-18,Bullish on BTC.
2024-05-18,Just bought more Bitcoin.
2024-05-19,Not sure about BTC's future.
2024-05-19,Just bought more Bitcoin.
2024-05-19,Not sure about BTC's future.
2024-05-20,Bitcoin is going to the moon!
2024-05-20,BTC might crash soon.
2024-05-20,Just bought more Bitcoin.
2024-05-21,Bitcoin adoption increasing.
2024-05-21,Just bought more Bitcoin.
2024-05-21,HODLing strong!
2024-05-22,Bitcoin price seems stable.
2024-05-22,Bear market ahead?
2024-05-22,Bitcoin adoption increasing.
2024-05-23,HODLing strong!
2024-05-23,Just bought more Bitcoin.
2024-05-23,Market looks shaky today.
2024-05-24,Not sure about BTC's future.
2024-05-24,HODLing strong!
2024-05-24,Market looks shaky today.
2024-05-25,BTC might crash soon.
2024-05-25,Market looks shaky today.
2024-05-25,Bitcoin is going to the moon!
2024-05-26,HODLing strong!
2024-05-26,Bitcoin is going to the moon!
2024-05-26,Market looks shaky today.
2024-05-27,Not sure about BTC's future.
2024-05-27,Just bought more Bitcoin.
2024-05-27,Bear market ahead?
2024-05-28,Market looks shaky today.
2024-05-28,Market looks shaky today.
2024-05-28,Bear market ahead?
2024-05-29,Market looks shaky today.
2024-05-29,Bear market ahead?
2024-05-29,BTC might crash soon.
2024-05-30,BTC might crash soon.
2024-05-30,Just bought more Bitcoin.
2024-05-30,HODLing strong!
2024-05-31,HODLing strong!
2024-05-31,Bear market ahead?
2024-05-31,Bitcoin price seems stable.
2024-06-01,HODLing strong!
2024-06-01,Not sure about BTC's future.
2024-06-01,Just bought more Bitcoin.
2024-06-02,Bullish on BTC.
2024-06-02,Not sure about BTC's future.
2024-06-02,Bitcoin adoption increasing.
2024-06-03,Not sure about BTC's future.
2024-06-03,BTC might crash soon.
2024-06-03,Bitcoin adoption increasing.
2024-06-04,Market looks shaky today.
2024-06-04,Just bought more Bitcoin.
2024-06-04,Just bought more Bitcoin.
2024-06-05,Not sure about BTC's future.
2024-06-05,Market looks shaky today.
2024-06-05,Market looks shaky today.
2024-06-06,BTC might crash soon.
2024-06-06,Bullish on BTC.
2024-06-06,HODLing strong!
2024-06-07,Bitcoin price seems stable.
2024-06-07,Bitcoin adoption increasing.
2024-06-07,BTC might crash soon.
2024-06-08,Bullish on BTC.
2024-06-08,Bear market ahead?
2024-06-08,Not sure about BTC's future.
2024-06-09,Bitcoin price seems stable.
2024-06-09,Bear market ahead?
2024-06-09,BTC might crash soon.
2024-06-10,HODLing strong!
2024-06-10,Market looks shaky today.
2024-06-10,Bitcoin is going to the moon!
2024-06-11,Bear market ahead?
2024-06-11,Bitcoin is going to the moon!
2024-06-11,Bitcoin adoption increasing.
2024-06-12,Bitcoin price seems stable.
2024-06-12,Bear market ahead?
2024-06-12,Bitcoin adoption increasing.
2024-06-13,Bitcoin adoption increasing.
2024-06-13,Bullish on BTC.
2024-06-13,Just bought more Bitcoin.
2024-06-14,HODLing strong!
2024-06-14,Bear market ahead?
2024-06-14,Bear market ahead?
2024-06-15,HODLing strong!
2024-06-15,Bitcoin is going to the moon!
2024-06-15,Bear market ahead?
2024-06-16,Bear market ahead?
2024-06-16,Bullish on BTC.
2024-06-16,Just bought more Bitcoin.
2024-06-17,Bitcoin adoption increasing.
2024-06-17,Bear market ahead?
2024-06-17,BTC might crash soon.
2024-06-18,Not sure about BTC's future.
2024-06-18,Bitcoin adoption increasing.
2024-06-18,Bear market ahead?
2024-06-19,Bitcoin is going to the moon!
2024-06-19,Not sure about BTC's future.
2024-06-19,Bullish on BTC.
2024-06-20,Just bought more Bitcoin.
2024-06-20,Bitcoin adoption increasing.
2024-06-20,Bitcoin is going to the moon!
2024-06-21,HODLing strong!
2024-06-21,Just bought more Bitcoin.
2024-06-21,Bullish on BTC.
2024-06-22,Bitcoin adoption increasing.
2024-06-22,BTC might crash soon.
2024-06-22,Bear market ahead?
2024-06-23,Market looks shaky today.
2024-06-23,Bitcoin adoption increasing.
2024-06-23,HODLing strong!
2024-06-24,Just bought more Bitcoin.
2024-06-24,HODLing strong!
2024-06-24,HODLing strong!
2024-06-25,Bullish on BTC.
2024-06-25,Not sure about BTC's future.
2024-06-25,HODLing strong!
2024-06-26,Market looks shaky today.
2024-06-26,Just bought more Bitcoin.
2024-06-26,HODLing strong!
2024-06-27,Not sure about BTC's future.
2024-06-27,Bitcoin price seems stable.
2024-06-27,Bear market ahead?
2024-06-28,HODLing strong!
2024-06-28,Bear market ahead?
2024-06-28,Bear market ahead?
2024-06-29,HODLing strong!
2024-06-29,Not sure about BTC's future.
2024-06-29,Bear market ahead?
2024-06-30,Bear market ahead?
2024-06-30,Bitcoin is going to the moon!
2024-06-30,Bitcoin price seems stable.
2024-07-01,Bitcoin adoption increasing.
2024-07-01,BTC might crash soon.
2024-07-01,Bitcoin price seems stable.
2024-07-02,HODLing strong!
2024-07-02,Bitcoin adoption increasing.
2024-07-02,HODLing strong!
2024-07-03,Bullish on BTC.
2024-07-03,Bear market ahead?
2024-07-03,Bitcoin is going to the moon!
2024-07-04,Market looks shaky today.
2024-07-04,Bitcoin price seems stable.
2024-07-04,Bitcoin adoption increasing.
2024-07-05,Just bought more Bitcoin.
2024-07-05,Bitcoin price seems stable.
2024-07-05,Bear market ahead?
2024-07-06,Market looks shaky today.
2024-07-06,Just bought more Bitcoin.
2024-07-06,Bear market ahead?
2024-07-07,Bullish on BTC.
2024-07-07,Market looks shaky today.
2024-07-07,Bear market ahead?
2024-07-08,Bitcoin adoption increasing.
2024-07-08,Just bought more Bitcoin.
2024-07-08,Bitcoin adoption increasing.
2024-07-09,Just bought more Bitcoin.
2024-07-09,Bitcoin price seems stable.
2024-07-09,Not sure about BTC's future.
2024-07-10,HODLing strong!
2024-07-10,Not sure about BTC's future.
2024-07-10,Bullish on BTC.
2024-07-11,Market looks shaky today.
2024-07-11,BTC might crash soon.
2024-07-11,Bitcoin is going to the moon!
2024-07-12,Market looks shaky today.
2024-07-12,HODLing strong!
2024-07-12,Bitcoin adoption increasing.
2024-07-13,Bear market ahead?
2024-07-13,Market looks shaky today.
2024-07-13,Market looks shaky today.
2024-07-14,Bear market ahead?
2024-07-14,Bitcoin is going to the moon!
2024-07-14,Not sure about BTC's future.
2024-07-15,Market looks shaky today.
2024-07-15,Market looks shaky today.
2024-07-15,Market looks shaky today.
2024-07-16,Bitcoin adoption increasing.
2024-07-16,Bear market ahead?
2024-07-16,BTC might crash soon.
2024-07-17,Bear market ahead?
2024-07-17,Bullish on BTC.
2024-07-17,Just bought more Bitcoin.
2024-07-18,Market looks shaky today.
2024-07-18,Bullish on BTC.
2024-07-18,Not sure about BTC's future.
2024-07-19,Bitcoin is going to the moon!
2024-07-19,BTC might crash soon.
2024-07-19,Bullish on BTC.
2024-07-20,Bitcoin price seems stable.
2024-07-20,Bitcoin is going to the moon!
2024-07-20,Not sure about BTC's future.
2024-07-21,Not sure about BTC's future.
2024-07-21,Bitcoin price seems stable.
2024-07-21,Bullish on BTC.
2024-07-22,Bitcoin adoption increasing.
2024-07-22,HODLing strong!
2024-07-22,Bitcoin is going to the moon!
2024-07-23,Market looks shaky today.
2024-07-23,Not sure about BTC's future.
2024-07-23,Bitcoin adoption increasing.
2024-07-24,Bitcoin is going to the moon!
2024-07-24,Market looks shaky today.
2024-07-24,Bear market ahead?
2024-07-25,Bullish on BTC.
2024-07-25,Bear market ahead?
2024-07-25,Bitcoin price seems stable.
2024-07-26,Bullish on BTC.
2024-07-26,Market looks shaky today.
2024-07-26,Bitcoin adoption increasing.
2024-07-27,Bitcoin adoption increasing.
2024-07-27,HODLing strong!
2024-07-27,HODLing strong!
2024-07-28,BTC might crash soon.
2024-07-28,Bitcoin is going to the moon!
2024-07-28,HODLing strong!
2024-07-29,Just bought more Bitcoin.
2024-07-29,Bitcoin price seems stable.
2024-07-29,Just bought more Bitcoin.
2024-07-30,HODLing strong!
2024-07-30,Not sure about BTC's future.
2024-07-30,BTC might crash soon.
2024-07-31,Bullish on BTC.
2024-07-31,Bitcoin adoption increasing.
2024-07-31,Market looks shaky today.
2024-08-01,Bitcoin price seems stable.
2024-08-01,Market looks shaky today.
2024-08-01,Not sure about BTC's future.
2024-08-02,Bitcoin price seems stable.
2024-08-02,Market looks shaky today.
2024-08-02,Market looks shaky today.
2024-08-03,Bear market ahead?
2024-08-03,BTC might crash soon.
2024-08-03,HODLing strong!
2024-08-04,Bullish on BTC.
2024-08-04,Just bought more Bitcoin.
2024-08-04,Bullish on BTC.
2024-08-05,Bullish on BTC.
2024-08-05,Market looks shaky today.
2024-08-05,Market looks shaky today.
2024-08-06,Bitcoin is going to the moon!
2024-08-06,HODLing strong!
2024-08-06,HODLing strong!
2024-08-07,Not sure about BTC's future.
2024-08-07,Just bought more Bitcoin.
2024-08-07,Bitcoin price seems stable.
2024-08-08,Not sure about BTC's future.
2024-08-08,Market looks shaky today.
2024-08-08,Bitcoin price seems stable.
2024-08-09,Bitcoin adoption increasing.
2024-08-09,Bitcoin is going to the moon!
2024-08-09,Bullish on BTC.
2024-08-10,Bitcoin adoption increasing.
2024-08-10,HODLing strong!
2024-08-10,BTC might crash soon.
2024-08-11,Bullish on BTC.
2024-08-11,Just bought more Bitcoin.
2024-08-11,Bullish on BTC.
2024-08-12,Not sure about BTC's future.
2024-08-12,Just bought more Bitcoin.
2024-08-12,Bullish on BTC.
2024-08-13,BTC might crash soon.
2024-08-13,BTC might crash soon.
2024-08-13,Market looks shaky today.
2024-08-14,Bitcoin adoption increasing.
2024-08-14,Bitcoin adoption increasing.
2024-08-14,Bitcoin price seems stable.
2024-08-15,Bullish on BTC.
2024-08-15,Bear market ahead?
2024-08-15,HODLing strong!
2024-08-16,Bullish on BTC.
2024-08-16,Bitcoin price seems stable.
2024-08-16,Bullish on BTC.
2024-08-17,HODLing strong!
2024-08-17,Bear market ahead?
2024-08-17,Just bought more Bitcoin.
2024-08-18,BTC might crash soon.
2024-08-18,Market looks shaky today.
2024-08-18,Bullish on BTC.
2024-08-19,Bitcoin is going to the moon!
2024-08-19,BTC might crash soon.
2024-08-19,Bitcoin is going to the moon!
2024-08-20,HODLing strong!
2024-08-20,Bitcoin is going to the moon!
2024-08-20,Market looks shaky today.
2024-08-21,BTC might crash soon.
2024-08-21,Bitcoin price seems stable.
2024-08-21,Market looks shaky today.
2024-08-22,Bitcoin is going to the moon!
2024-08-22,Bitcoin price seems stable.
2024-08-22,Bitcoin price seems stable.
2024-08-23,Bitcoin is going to the moon!
2024-08-23,Bitcoin adoption increasing.
2024-08-23,Bear market ahead?
2024-08-24,Market looks shaky today.
2024-08-24,Just bought more Bitcoin.
2024-08-24,BTC might crash soon.
2024-08-25,Bear market ahead?
2024-08-25,Bitcoin is going to the moon!
2024-08-25,BTC might crash soon.
2024-08-26,HODLing strong!
2024-08-26,Bullish on BTC.
2024-08-26,Not sure about BTC's future.
2024-08-27,Bullish on BTC.
2024-08-27,BTC might crash soon.
2024-08-27,Bitcoin is going to the moon!
2024-08-28,Bitcoin is going to the moon!
2024-08-28,Bitcoin adoption increasing.
2024-08-28,Market looks shaky today.
2024-08-29,Just bought more Bitcoin.
2024-08-29,Not sure about BTC's future.
2024-08-29,HODLing strong!
2024-08-30,Bitcoin adoption increasing.
2024-08-30,Bitcoin is going to the moon!
2024-08-30,Bitcoin price seems stable.
2024-08-31,Not sure about BTC's future.
2024-08-31,Bear market ahead?
2024-08-31,Not sure about BTC's future.
2024-09-01,Bullish on BTC.
2024-09-01,Bitcoin adoption increasing.
2024-09-01,Market looks shaky today.
2024-09-02,Not sure about BTC's future.
2024-09-02,HODLing strong!
2024-09-02,Bitcoin price seems stable.
2024-09-03,Bitcoin price seems stable.
2024-09-03,BTC might crash soon.
2024-09-03,Market looks shaky today.
2024-09-04,Bullish on BTC.
2024-09-04,Bitcoin price seems stable.
2024-09-04,BTC might crash soon.
2024-09-05,Bitcoin is going to the moon!
2024-09-05,Not sure about BTC's future.
2024-09-05,Bullish on BTC.
2024-09-06,BTC might crash soon.
2024-09-06,Bear market ahead?
2024-09-06,Bitcoin adoption increasing.
2024-09-07,Bear market ahead?
2024-09-07,BTC might crash soon.
2024-09-07,Bullish on BTC.
2024-09-08,BTC might crash soon.
2024-09-08,BTC might crash soon.
2024-09-08,Bullish on BTC.
2024-09-09,Bitcoin is going to the moon!
2024-09-09,Bear market ahead?
2024-09-09,Market looks shaky today.
2024-09-10,Bitcoin price seems stable.
2024-09-10,Just bought more Bitcoin.
2024-09-10,Bear market ahead?
2024-09-11,Bitcoin is going to the moon!
2024-09-11,BTC might crash soon.
2024-09-11,Bitcoin price seems stable.
2024-09-12,BTC might crash soon.
2024-09-12,Bitcoin adoption increasing.
2024-09-12,Bitcoin is going to the moon!
2024-09-13,Bitcoin price seems stable.
2024-09-13,Market looks shaky today.
2024-09-13,Market looks shaky today.
2024-09-14,Market looks shaky today.
2024-09-14,Bitcoin adoption increasing.
2024-09-14,Bear market ahead?
2024-09-15,Bitcoin price seems stable.
2024-09-15,HODLing strong!
2024-09-15,HODLing strong!
2024-09-16,Bear market ahead?
2024-09-16,Bitcoin price seems stable.
2024-09-16,Bitcoin price seems stable.
2024-09-17,Market looks shaky today.
2024-09-17,Just bought more Bitcoin.
2024-09-17,Bear market ahead?
2024-09-18,HODLing strong!
2024-09-18,Bullish on BTC.
2024-09-18,BTC might crash soon.
2024-09-19,Bullish on BTC.
2024-09-19,HODLing strong!
2024-09-19,HODLing strong!
2024-09-20,Bear market ahead?
2024-09-20,BTC might crash soon.
2024-09-20,Bitcoin is going to the moon!
2024-09-21,Bitcoin adoption increasing.
2024-09-21,HODLing strong!
2024-09-21,Bullish on BTC.
2024-09-22,BTC might crash soon.
2024-09-22,Just bought more Bitcoin.
2024-09-22,Bitcoin adoption increasing.
2024-09-23,Bear market ahead?
2024-09-23,Just bought more Bitcoin.
2024-09-23,Market looks shaky today.
2024-09-24,Not sure about BTC's future.
2024-09-24,Bitcoin is going to the moon!
2024-09-24,HODLing strong!
2024-09-25,Bear market ahead?
2024-09-25,Just bought more Bitcoin.
2024-09-25,Not sure about BTC's future.
2024-09-26,Bitcoin is going to the moon!
2024-09-26,Market looks shaky today.
2024-09-26,Bitcoin price seems stable.
2024-09-27,Just bought more Bitcoin.
2024-09-27,Market looks shaky today.
2024-09-27,Market looks shaky today.
2024-09-28,Not sure about BTC's future.
2024-09-28,Bitcoin price seems stable.
2024-09-28,Bitcoin is going to the moon!
2024-09-29,Bitcoin price seems stable.
2024-09-29,Not sure about BTC's future.
2024-09-29,HODLing strong!
2024-09-30,HODLing strong!
2024-09-30,BTC might crash soon.
2024-09-30,Market looks shaky today.
2024-10-01,Bitcoin price seems stable.
2024-10-01,Bitcoin price seems stable.
2024-10-01,Bitcoin is going to the moon!
2024-10-02,Bear market ahead?
2024-10-02,Market looks shaky today.
2024-10-02,Market looks shaky today.
2024-10-03,Bitcoin is going to the moon!
2024-10-03,Bitcoin adoption increasing.
2024-10-03,Bear market ahead?
2024-10-04,Bullish on BTC.
2024-10-04,Just bought more Bitcoin.
2024-10-04,Market looks shaky today.
2024-10-05,Bear market ahead?
2024-10-05,Bitcoin adoption increasing.
2024-10-05,Bitcoin adoption increasing.
2024-10-06,BTC might crash soon.
2024-10-06,BTC might crash soon.
2024-10-06,Market looks shaky today.
2024-10-07,Not sure about BTC's future.
2024-10-07,Bitcoin is going to the moon!
2024-10-07,Bitcoin adoption increasing.
2024-10-08,HODLing strong!
2024-10-08,Bitcoin adoption increasing.
2024-10-08,Bitcoin price seems stable.
2024-10-09,Bitcoin price seems stable.
2024-10-09,Not sure about BTC's future.
2024-10-09,Bitcoin is going to the moon!
2024-10-10,Not sure about BTC's future.
2024-10-10,Bear market ahead?
2024-10-10,Not sure about BTC's future.
2024-10-11,Bullish on BTC.
2024-10-11,Bullish on BTC.
2024-10-11,Bear market ahead?
2024-10-12,Bullish on BTC.
2024-10-12,HODLing strong!
2024-10-12,Just bought more Bitcoin.
2024-10-13,Bitcoin is going to the moon!
2024-10-13,Bullish on BTC.
2024-10-13,Bitcoin is going to the moon!
2024-10-14,BTC might crash soon.
2024-10-14,Just bought more Bitcoin.
2024-10-14,Bitcoin price seems stable.
2024-10-15,Bear market ahead?
2024-10-15,BTC might crash soon.
2024-10-15,Bitcoin price seems stable.
2024-10-16,Market looks shaky today.
2024-10-16,Bitcoin price seems stable.
2024-10-16,Just bought more Bitcoin.
2024-10-17,HODLing strong!
2024-10-17,HODLing strong!
2024-10-17,Bitcoin adoption increasing.
2024-10-18,Bear market ahead?
2024-10-18,Bitcoin is going to the moon!
2024-10-18,Bitcoin price seems stable.
2024-10-19,BTC might crash soon.
2024-10-19,Not sure about BTC's future.
2024-10-19,Bitcoin is going to the moon!
2024-10-20,Market looks shaky today.
2024-10-20,Bitcoin adoption increasing.
2024-10-20,HODLing strong!
2024-10-21,Bitcoin is going to the moon!
2024-10-21,HODLing strong!
2024-10-21,Bullish on BTC.
2024-10-22,HODLing strong!
2024-10-22,HODLing strong!
2024-10-22,Bitcoin price seems stable.
2024-10-23,Market looks shaky today.
2024-10-23,BTC might crash soon.
2024-10-23,HODLing strong!
2024-10-24,BTC might crash soon.
2024-10-24,BTC might crash soon.
2024-10-24,Bullish on BTC.
2024-10-25,Bitcoin price seems stable.
2024-10-25,Market looks shaky today.
2024-10-25,Bullish on BTC.
2024-10-26,Bitcoin is going to the moon!
2024-10-26,Bitcoin is going to the moon!
2024-10-26,HODLing strong!
2024-10-27,Bitcoin price seems stable.
2024-10-27,Bitcoin adoption increasing.
2024-10-27,Bitcoin adoption increasing.
2024-10-28,Bitcoin price seems stable.
2024-10-28,BTC might crash soon.
2024-10-28,Market looks shaky today.
2024-10-29,Bitcoin adoption increasing.
2024-10-29,Bullish on BTC.
2024-10-29,HODLing strong!
2024-10-30,Bear market ahead?
2024-10-30,Just bought more Bitcoin.
2024-10-30,Bullish on BTC.
2024-10-31,Not sure about BTC's future.
2024-10-31,Not sure about BTC's future.
2024-10-31,Not sure about BTC's future.
2024-11-01,Bitcoin is going to the moon!
2024-11-01,HODLing strong!
2024-11-01,Bitcoin price seems stable.
2024-11-02,Bullish on BTC.
2024-11-02,Bear market ahead?
2024-11-02,Market looks shaky today.
2024-11-03,Just bought more Bitcoin.
2024-11-03,Bitcoin price seems stable.
2024-11-03,Just bought more Bitcoin.
2024-11-04,Bitcoin price seems stable.
2024-11-04,HODLing strong!
2024-11-04,Just bought more Bitcoin.
2024-11-05,Bitcoin price seems stable.
2024-11-05,Just bought more Bitcoin.
2024-11-05,Bitcoin is going to the moon!
2024-11-06,BTC might crash soon.
2024-11-06,Bear market ahead?
2024-11-06,Bitcoin is going to the moon!
2024-11-07,Bitcoin is going to the moon!
2024-11-07,Bitcoin is going to the moon!
2024-11-07,Bitcoin price seems stable.
2024-11-08,HODLing strong!
2024-11-08,Bear market ahead?
2024-11-08,BTC might crash soon.
2024-11-09,Bitcoin is going to the moon!
2024-11-09,Bullish on BTC.
2024-11-09,Market looks shaky today.
2024-11-10,Bitcoin price seems stable.
2024-11-10,HODLing strong!
2024-11-10,Not sure about BTC's future.
2024-11-11,Bullish on BTC.
2024-11-11,Not sure about BTC's future.
2024-11-11,Bitcoin is going to the moon!
2024-11-12,Not sure about BTC's future.
2024-11-12,Market looks shaky today.
2024-11-12,Bullish on BTC.
2024-11-13,Market looks shaky today.
2024-11-13,Just bought more Bitcoin.
2024-11-13,HODLing strong!
2024-11-14,HODLing strong!
2024-11-14,HODLing strong!
2024-11-14,Bear market ahead?
2024-11-15,Bitcoin price seems stable.
2024-11-15,Just bought more Bitcoin.
2024-11-15,Bitcoin adoption increasing.
2024-11-16,HODLing strong!
2024-11-16,Just bought more Bitcoin.
2024-11-16,HODLing strong!
2024-11-17,Not sure about BTC's future.
2024-11-17,Bear market ahead?
2024-11-17,Just bought more Bitcoin.
2024-11-18,HODLing strong!
2024-11-18,Bitcoin adoption increasing.
2024-11-18,Bitcoin is going to the moon!
2024-11-19,Not sure about BTC's future.
2024-11-19,Just bought more Bitcoin.
2024-11-19,HODLing strong!
2024-11-20,Bullish on BTC.
2024-11-20,Not sure about BTC's future.
2024-11-20,Market looks shaky today.
2024-11-21,Bullish on BTC.
2024-11-21,Bear market ahead?
2024-11-21,Bitcoin adoption increasing.
2024-11-22,Bitcoin is going to the moon!
2024-11-22,Bitcoin price seems stable.
2024-11-22,Bitcoin is going to the moon!
2024-11-23,Market looks shaky today.
2024-11-23,Bitcoin adoption increasing.
2024-11-23,Bullish on BTC.
2024-11-24,Bullish on BTC.
2024-11-24,Bear market ahead?
2024-11-24,Not sure about BTC's future.
2024-11-25,Bitcoin adoption increasing.
2024-11-25,BTC might crash soon.
2024-11-25,Bitcoin is going to the moon!
2024-11-26,Just bought more Bitcoin.
2024-11-26,HODLing strong!
2024-11-26,HODLing strong!
2024-11-27,Not sure about BTC's future.
2024-11-27,Market looks shaky today.
2024-11-27,Not sure about BTC's future.
2024-11-28,Bitcoin is going to the moon!
2024-11-28,Just bought more Bitcoin.
2024-11-28,BTC might crash soon.
2024-11-29,HODLing strong!
2024-11-29,Bitcoin is going to the moon!
2024-11-29,Bitcoin adoption increasing.
2024-11-30,Bullish on BTC.
2024-11-30,Not sure about BTC's future.
2024-11-30,Bitcoin price seems stable.
2024-12-01,HODLing strong!
2024-12-01,HODLing strong!
2024-12-01,Bitcoin adoption increasing.
2024-12-02,BTC might crash soon.
2024-12-02,Bitcoin adoption increasing.
2024-12-02,HODLing strong!
2024-12-03,Just bought more Bitcoin.
2024-12-03,Bullish on BTC.
2024-12-03,BTC might crash soon.
2024-12-04,Just bought more Bitcoin.
2024-12-04,Market looks shaky today.
2024-12-04,Bear market ahead?
2024-12-05,Bear market ahead?
2024-12-05,Not sure about BTC's future.
2024-12-05,Market looks shaky today.
2024-12-06,Market looks shaky today.
2024-12-06,Bitcoin price seems stable.
2024-12-06,Bitcoin adoption increasing.
2024-12-07,Bullish on BTC.
2024-12-07,Bitcoin is going to the moon!
2024-12-07,Market looks shaky today.
2024-12-08,Bear market ahead?
2024-12-08,Bitcoin price seems stable.
2024-12-08,Bitcoin is going to the moon!
2024-12-09,HODLing strong!
2024-12-09,Bitcoin adoption increasing.
2024-12-09,Bullish on BTC.
2024-12-10,BTC might crash soon.
2024-12-10,Bitcoin price seems stable.
2024-12-10,Bear market ahead?
2024-12-11,Not sure about BTC's future.
2024-12-11,HODLing strong!
2024-12-11,Not sure about BTC's future.
2024-12-12,Bitcoin adoption increasing.
2024-12-12,Bitcoin adoption increasing.
2024-12-12,Bullish on BTC.
2024-12-13,Just bought more Bitcoin.
2024-12-13,Bear market ahead?
2024-12-13,Bullish on BTC.
2024-12-14,Not sure about BTC's future.
2024-12-14,HODLing strong!
2024-12-14,Market looks shaky today.
2024-12-15,Not sure about BTC's future.
2024-12-15,HODLing strong!
2024-12-15,Bitcoin price seems stable.
2024-12-16,Bitcoin adoption increasing.
2024-12-16,Bitcoin adoption increasing.
2024-12-16,Just bought more Bitcoin.
2024-12-17,Bitcoin adoption increasing.
2024-12-17,Just bought more Bitcoin.
2024-12-17,Not sure about BTC's future.
2024-12-18,BTC might crash soon.
2024-12-18,Bear market ahead?
2024-12-18,Bitcoin adoption increasing.
2024-12-19,BTC might crash soon.
2024-12-19,Just bought more Bitcoin.
2024-12-19,Not sure about BTC's future.
2024-12-20,Bear market ahead?
2024-12-20,Bitcoin adoption increasing.
2024-12-20,HODLing strong!
2024-12-21,Bitcoin adoption increasing.
2024-12-21,Bitcoin is going to the moon!
2024-12-21,Bitcoin price seems stable.
2024-12-22,Just bought more Bitcoin.
2024-12-22,Bullish on BTC.
2024-12-22,Just bought more Bitcoin.
2024-12-23,Just bought more Bitcoin.
2024-12-23,Bear market ahead?
2024-12-23,Bear market ahead?
2024-12-24,Bitcoin price seems stable.
2024-12-24,Market looks shaky today.
2024-12-24,BTC might crash soon.
2024-12-25,Bitcoin adoption increasing.
2024-12-25,HODLing strong!
2024-12-25,Bullish on BTC.
2024-12-26,Bear market ahead?
2024-12-26,BTC might crash soon.
2024-12-26,Just bought more Bitcoin.
2024-12-27,Market looks shaky today.
2024-12-27,BTC might crash soon.
2024-12-27,Bitcoin adoption increasing.
2024-12-28,Not sure about BTC's future.
2024-12-28,HODLing strong!
2024-12-28,Just bought more Bitcoin.
2024-12-29,HODLing strong!
2024-12-29,Bitcoin is going to the moon!
2024-12-29,Bear market ahead?
2024-12-30,BTC might crash soon.
2024-12-30,Bear market ahead?
2024-12-30,Bitcoin is going to the moon!
